id,first_name,last_name,age,email,gender,ip_address,phone
1,Jackelyn,Bishell,61,jbishell0@hibu.com,Bigender,156.108.235.176,+221 (688) 162-7596
2,Levy,Mantram,13,lmantram1@fema.gov,Polygender,36.85.131.138,+81 (715) 868-1832
3,Sonni,Harte,50,sharte2@ucla.edu,Bigender,62.241.28.76,+62 (110) 665-3308
4,Nisse,Learmouth,88,nlearmouth3@desdev.cn,Male,68.188.96.180,+30 (401) 889-7857
5,Koral,Janny,48,kjanny4@shinystat.com,Genderfluid,116.163.102.166,+265 (540) 583-1125
6,Ethelda,Menaul,41,emenaul5@springer.com,Male,133.110.7.112,+7 (663) 533-1163
7,Sena,Alabastar,37,salabastar6@google.ru,Polygender,189.149.185.140,+58 (723) 441-2249
8,Stan,Pedrocchi,93,spedrocchi7@buzzfeed.com,Polygender,205.13.26.144,+86 (377) 861-0055
9,Odell,Sims,119,osims8@marriott.com,Female,236.231.247.183,+1 (173) 502-0040
10,Kimble,McAllester,91,kmcallester9@blog.com,Genderqueer,98.195.80.55,+420 (693) 797-2927
11,Hadleigh,Kehoe,112,hkehoea@tiny.cc,Genderqueer,30.230.9.229,+54 (298) 112-7365
12,Aldwin,Felce,106,afelceb@sciencedirect.com,Male,254.126.109.242,+62 (208) 591-0906
13,Ruthy,Waylen,78,rwaylenc@patch.com,Agender,47.0.166.17,+86 (816) 967-8680
14,Karalee,Hawksley,51,khawksleyd@de.vu,Female,188.122.76.187,+86 (900) 283-2148
15,Franny,Spencley,105,fspencleye@cam.ac.uk,Polygender,230.164.249.77,+63 (674) 975-9128
16,Georgeanne,Simmell,98,gsimmellf@google.com.hk,,30.28.208.255,+62 (690) 981-1391
17,Spenser,Viel,57,svielg@bandcamp.com,Non-binary,15.96.230.38,+1 (804) 441-1500
18,Eula,Roblett,22,erobletth@pinterest.com,Male,89.124.144.151,+86 (674) 412-5082
19,Rip,de'-Ancy Willis,100,rdeancywillisi@state.gov,Polygender,105.84.218.240,
20,Anallese,Bernardini,15,abernardinij@house.gov,,161.24.39.200,+46 (330) 751-2981
21,Jemmy,Alexandrou,11,jalexandrouk@nbcnews.com,Genderfluid,79.0.194.24,+86 (967) 480-0202
22,Harlan,Goodyear,117,hgoodyearl@harvard.edu,Genderfluid,5.35.61.239,+66 (257) 200-6658
23,Kellen,Pawden,20,kpawdenm@cbc.ca,Genderqueer,130.35.155.204,+86 (831) 917-1387
24,Fan,Castell,40,fcastelln@skyrock.com,Non-binary,61.242.96.114,+27 (689) 853-7664
25,Katheryn,Danbi,117,kdanbio@cargocollective.com,Genderqueer,161.70.25.95,+55 (702) 360-4769
26,Lorrie,Redpath,25,lredpathp@ameblo.jp,Genderfluid,92.179.59.147,
27,Lemmy,Ebbetts,15,lebbettsq@csmonitor.com,Non-binary,21.163.152.69,+66 (994) 635-3558
28,Saxe,Prodrick,106,sprodrickr@seesaa.net,Genderfluid,127.10.2.236,
29,Risa,Brinklow,116,rbrinklows@marriott.com,Male,193.142.236.126,+86 (136) 810-3320
30,Brier,Pattillo,71,bpattillot@barnesandnoble.com,Agender,177.21.34.202,+62 (769) 561-4571
31,Cheryl,Boribal,111,cboribalu@google.de,Non-binary,17.104.166.117,+46 (381) 166-6282
32,Herbie,Latliff,19,hlatliffv@deliciousdays.com,Polygender,51.14.49.130,+66 (769) 929-2100
33,Pavlov,Leinster,94,pleinsterw@oaic.gov.au,Female,3.234.253.137,+86 (329) 362-2594
34,Nancie,Gherardini,120,ngherardinix@bbc.co.uk,Agender,68.247.112.116,+354 (694) 210-1492
35,Grazia,Peart,1,gpearty@instagram.com,Genderqueer,235.250.46.183,+86 (254) 681-1704
36,Rollo,Aleksahkin,94,raleksahkinz@ezinearticles.com,Polygender,89.133.146.220,+62 (225) 452-4881
37,Riobard,Archard,32,rarchard10@people.com.cn,Genderfluid,119.15.120.31,+86 (565) 235-1476
38,Kylie,Stot,39,kstot11@opera.com,,40.232.184.245,+92 (201) 295-4688
39,Gilberte,Sergeaunt,66,gsergeaunt12@ft.com,,220.191.98.176,+46 (280) 906-5975
40,Erroll,Eskriet,82,eeskriet13@marriott.com,Genderqueer,139.183.100.229,+7 (349) 592-4217
41,Berke,Poznan,6,bpoznan14@prweb.com,,69.99.240.188,+46 (528) 371-3336
42,Odelle,Fearn,88,ofearn15@globo.com,,178.209.19.158,+7 (863) 889-8088
43,Aryn,Dawbery,36,adawbery16@squidoo.com,Agender,176.152.55.136,+52 (566) 526-2837
44,Nadine,Bowers,32,nbowers17@washingtonpost.com,Polygender,111.92.144.48,+86 (625) 891-2656
45,Jodi,Vick,50,jvick18@pagesperso-orange.fr,Non-binary,229.117.211.122,+86 (292) 262-5502
46,Si,Chooter,29,schooter19@goo.gl,Non-binary,243.44.34.223,+86 (221) 997-4147
47,Edouard,Grinley,1,egrinley1a@sciencedaily.com,Agender,197.40.142.120,+33 (811) 505-4040
48,Karina,Western,23,kwestern1b@wikipedia.org,Non-binary,40.131.186.62,
49,Hilda,Gehringer,94,hgehringer1c@howstuffworks.com,,239.94.123.189,
50,Dan,Toten,120,dtoten1d@feedburner.com,Bigender,108.205.128.118,+81 (995) 601-9631
51,Collette,Kondratowicz,58,ckondratowicz1e@wikia.com,Bigender,87.241.247.102,+1 (850) 312-7359
52,Marlena,Baron,94,mbaron1f@tripadvisor.com,Non-binary,17.115.25.140,+51 (877) 276-6058
53,Mario,Roman,17,mroman1g@reuters.com,Bigender,49.117.41.77,+373 (729) 430-6839
54,Celinda,Goldup,110,cgoldup1h@patch.com,Non-binary,78.44.253.171,
55,Davidson,Skillett,16,dskillett1i@sun.com,Male,97.167.213.113,+380 (165) 660-7710
56,Manuel,Cawse,48,mcawse1j@usa.gov,Female,251.121.202.213,+66 (304) 119-4120
57,Gerrard,Khotler,49,gkhotler1k@booking.com,Genderqueer,71.190.209.108,+62 (973) 460-6687
58,Vilhelmina,de Juares,116,vdejuares1l@ask.com,Polygender,225.2.35.23,+509 (280) 207-3042
59,Judye,Challiss,116,jchalliss1m@cmu.edu,Bigender,149.186.157.92,
60,Kamila,Saundercock,117,ksaundercock1n@businessinsider.com,Bigender,66.213.243.108,
61,Mariann,Ffrench,41,mffrench1o@constantcontact.com,Female,79.176.91.13,+7 (283) 168-5836
62,Phillis,Attenborrow,103,pattenborrow1p@squarespace.com,Polygender,202.219.131.107,
63,Tuesday,Beckitt,116,tbeckitt1q@sakura.ne.jp,Non-binary,44.28.43.53,+62 (190) 795-2373
64,Kele,Abrahmovici,114,kabrahmovici1r@xrea.com,Bigender,45.225.193.43,+7 (320) 167-7160
65,Chad,Besnard,79,cbesnard1s@eepurl.com,Male,16.254.36.85,+62 (199) 625-9862
66,Brent,Wrightham,76,bwrightham1t@lulu.com,Female,246.66.195.155,+86 (853) 548-4072
67,Kellen,Rime,17,krime1u@wunderground.com,Bigender,3.67.0.124,+86 (333) 298-3535
68,Wynny,Sabater,60,wsabater1v@si.edu,Agender,154.108.246.32,+62 (802) 905-2956
69,Udale,Astill,87,uastill1w@jigsy.com,Bigender,202.69.204.115,+60 (488) 107-4923
70,Genvieve,Pettendrich,74,gpettendrich1x@unc.edu,Agender,221.163.72.178,+86 (121) 933-6855
71,Allis,Astlatt,76,aastlatt1y@google.es,Polygender,106.125.23.7,+66 (275) 654-2462
72,Ethelind,Stollberg,2,estollberg1z@acquirethisname.com,Female,230.197.253.230,+27 (962) 409-9569
73,Cordelie,Parsell,74,cparsell20@tinyurl.com,Male,238.89.63.27,+62 (983) 609-9471
74,Sheela,Godley,66,sgodley21@ow.ly,Female,37.253.216.185,+86 (787) 531-1297
75,Micah,Healey,117,mhealey22@umn.edu,,13.97.139.167,+62 (132) 145-0017
76,Stormi,Blencoe,118,sblencoe23@surveymonkey.com,Genderqueer,43.63.14.213,+218 (901) 933-0870
77,Celestyna,Hainning,36,chainning24@purevolume.com,Agender,180.192.1.235,+86 (381) 197-5618
78,Kali,Thresh,87,kthresh25@zimbio.com,,64.93.240.166,+62 (173) 348-4854
79,Herculie,Leppo,19,hleppo26@amazon.com,Polygender,219.247.228.27,
80,Bernardo,Rontree,74,brontree27@yandex.ru,Polygender,183.246.9.40,+51 (559) 599-9826
81,Roslyn,Dolden,26,rdolden28@wiley.com,Agender,95.203.139.207,+355 (121) 609-3343
82,Keelia,Jameson,24,kjameson29@europa.eu,Polygender,178.24.108.83,+63 (423) 130-7826
83,Everett,Ovill,81,eovill2a@bing.com,Polygender,66.161.52.124,+62 (486) 596-9077
84,Brocky,Viccary,26,bviccary2b@hexun.com,,47.85.237.91,+86 (513) 658-8368
85,Corbin,Antonijevic,66,cantonijevic2c@wikia.com,Non-binary,30.112.17.218,+55 (877) 328-7862
86,Rollins,Brodeau,64,rbrodeau2d@eventbrite.com,Genderqueer,42.74.218.184,+57 (759) 550-9107
87,Lauryn,Roskam,73,lroskam2e@jiathis.com,Genderfluid,140.40.168.17,+86 (250) 295-2225
88,Clemmie,Bortoloni,101,cbortoloni2f@cbc.ca,Agender,119.177.199.218,+62 (636) 879-0348
89,Thurstan,Brogi,10,tbrogi2g@merriam-webster.com,Male,120.141.68.3,+86 (445) 199-7753
90,Ariela,Simon,85,asimon2h@wsj.com,Genderqueer,202.216.232.63,+58 (872) 503-6355
91,Teador,Brasner,94,tbrasner2i@house.gov,Polygender,206.212.112.14,+62 (252) 484-0290
92,Lonee,Gwin,51,lgwin2j@e-recht24.de,Genderfluid,101.1.228.20,+63 (844) 791-6534
93,Patten,Cadle,38,pcadle2k@soup.io,Genderfluid,245.159.118.151,+385 (839) 261-9956
94,Wilhelmina,Reichert,101,wreichert2l@ed.gov,Agender,160.189.233.115,+62 (388) 668-4137
95,Mile,Fairham,40,mfairham2m@nymag.com,,24.81.47.125,+33 (402) 156-0582
96,Brig,Barukh,25,bbarukh2n@stanford.edu,Female,56.60.3.11,+380 (960) 973-5223
97,Samuele,Catterell,84,scatterell2o@homestead.com,Bigender,76.240.230.39,+46 (106) 631-7091
98,Marys,Charity,62,mcharity2p@about.me,Genderfluid,62.121.194.55,+966 (883) 507-5245
99,Adorne,O'Shevlin,66,aoshevlin2q@google.com.au,Genderqueer,198.112.177.127,+52 (900) 357-7881
100,Mohandas,Quinnette,13,mquinnette2r@dedecms.com,Bigender,212.191.90.173,